zip,num
80112,2
12771,2
18938,2
80205,8
53705,4
11002,3
02539,1
63117,3
63501,1
84532,11
07082,2
80736,4
01845,4
10549,6
02465,2
07945,2
71106,6
11968,3
11530,2
83835,7
32320,1
78257,2
13820,5
11204,1
90069,3
30518,3
94110,6
61550,34
53597,1
89012,2
19958,2
01741,2
33071,3
80007,13
80247,2
21617,2
50325,2
92658,2
94508,6
33496,19
93446,7
19807,3
20176,1
94558,2
18974,1
28104,7
22182,2
77001,1
07307,8
30327,2
48236,12
63105,8
94010,7
20850,7
93405,2
91773,2
37064,1
40220,4
94025,22
60035,14
84032,2
80227,1
30022,1
80228,2
53562,3
95818,1
84121,1
02141,2
94111,7
28562,2
94506,3
52803,1
08648,9
98498,1
10075,7
02556,2
06824,1
20815,33
80517,15
10710,1
10107,1
94610,3
85205,3
54703,2
98467,3
29407,8
80138,5
27101,23
27217,4
82009,2
85260,2
53098,7
40513,6
30337,10
94549,27
93012,3
30344,4
77024,26
92270,3
37203,1
93451,5
30319,4
17325,1
78703,27
80218,2
80524,2
98110,6
02481,2
48220,1
97459,5
07016,3
75001,2
94089,9
48187,2
11050,8
94023,3
60189,2
98027,2
25411,3
90498,3
76126,4
92110,1
94123,31
95051,8
30326,3
10019/,2
10583,10
78701,12
43082,1
75013,3
19027,1
80130,1
37030,6
92013,2
10709,2
19106,10
33484,3
78209,9
93953,13
78239,1
94087,7
31021,2
60187,4
60015,2
87144,1
98303,1
10019,2
04401,11
55406,1
80015,8
60558,7
02176,20
46814,1
76049,1
94531,3
29926,10
28207,15
80018,1
06410,11
75061,2
27016,59
06259,3
97034,4
56377,2
60025,14
02739,13
02210,8
31126,5
15601,7
75703,1
941025032,4
80121,2
29401,3
32819,2
92625,2
60457,7
95014,36
89134,2
87504,2
75380,8
80304,13
14626f,1
07450,2
87506,12
91932,12
33704,4
01748,14
29223,2
54952,3
99202,5
94611,9
17601,1
94903,14
78665,5
43204,1
60062,15
08742,1
06001,3
80207,22
80108,16
93922,3
27403,6
94040,2
93901,2
75069,1
28739,4
91436,3
27510,1
94015,1
94115,63
55345,11
02118,6
29803,2
68516,2
55331,2
43615,3
63130,2
94062,23
90254,2
90272,5
80537,3
02631,3
20037,2
80129,1
22902,2
78064,2
60521,7
95404,1
14231,14
76209,2
40059,2
98841,1
11743,16
90230,19
80305,32
92107,4
11932,4
96737,2
94920,11
75218,1
27712,1
66216,2
50010,3
60068,6
92262,1
94708,4
48084,4
54636,2
78254,2
77057,5
94102,2
97225,3
92101,2
90026,6
913205334,4
77098,4
56082,2
94121,11
77027,14
80003,1
32750,4
77019,14
13413,1
06903,21
98055,4
34243,1
78750,3
13214,11
80424,6
94539,17
92091,5
50321,3
76107,1
10510,16
98052,2
17022,1
10956,2
70508,4
11566,2
19096,2
98607,7
63122,1
92592,8
10305,3
80487,4
02738,1
77399,1
95624,3
98812,9
02445,3
02139,6
48107,1
92014,2
59101,1
72204,2
94301,7
90808,3
53217,10
97013,6
37067,2
80224,29
97239,4
44685,20
78746,3
10065,7
07753,3
80027,3
06830,6
07042,2
06443,4
77005,31
04268,1
53089,4
78704,3
01852,1
10029,3
75204,1
78738,1
54956,19
78256,6
77056,22
39402,20
07039,2
87507,2
44313,2
28203,26
80211,2
97086,3
97201,18
07458,2
08402,2
33325,1
08403,3
76034,3
87501,3
20782,14
80026,3
23219,2
70501,3
02446,46
92109,5
80504,7
86351,8
833401300,2
75230,29
93063,4
80230,4
99623,3
80122,1
07960,23
80223,10
94901,1
01430,2
90803,2
10530,2
80124,1
10006,1
19348,12
80909,2
80210,87
11733,2
02339,2
90094,3
56572,3
81623,2
78006,9
61265,1
27106,3
08833,5
80238,11
55401,2
54893,20
20018,1
97850,12
82325,3
28209,31
98375,2
02453,1
29413,3
30318,1
19072,9
94133,20
07840,1
80135,6
98115,1
98104,2
80023,1
12204,8
M2P 1W1,4
60527,6
20007,11
98417,3
95631,1
93923,40
80033,3
10025,10
94404,2
54911,30
78249,2
97229,7
33480,2
28031,3
18015,2
80303,5
01756,3
30215,5
60090,3
10016,2
87508,2
08540,1
95355,2
10538,4
84060,1
18901,1
77079,12
85253,3
95032,3
80021,1
14534,15
92120,6
28277,7
94612,22
94941,19
07040,3
01612,1
48302,4
08701,1
91367,5
53211,7
97215,24
02554,1
10013,3
27609,38
97702,3
07648,29
08406,1
33326,2
07716,1
60067,9
01545,10
97504,1
40299,16
02478,1
20817,12
19709,5
06033,33
60514,6
10605,1
01915,18
80401,5
91504,1
19610,2
78757,1
80134,3
80236,7
80126,14
01701,2
64683,1
30087,15
89511,1
90277,1
81501,7
90038,3
54209,5
93110,5
32789,2
94965,1
11964,4
98445,9
95661,1
94041,3
32174,6
92657,2
21211,4
94957,5
02149,19
92009,2
02150,2
94507,6
SP3 5BB,2
94949,8
51551,6
20008,25
01742,1
17543,8
07836,1
81428,2
76703,6
53066,4
76053,2
02916,7
93950,9
30030,3
31709,1
85258,3
55410,5
98121,1
53147,3
10003,16
08854,2
85255,2
22308,8
94080,3
01240,4
97739,1
33445,2
27603,4
95008,9
63141,1
04349,2
28211,16
93921,8
20187,9
95120,3
60657,1
71282,1
97217,1
80222,8
97424,1
12208,1
11215,18
98177,15
92630,2
54913,6
913253435,1
78240,2
93422,3
07869,2
83274,3
80439,19
77401,1
94117,22
07028,1
18049,8
80202,7
33901,2
33140,6
Z63105,6
93908,5
15501,2
89060,2
20854,15
94028,5
80602,1
06413,12
37066,1
14174,6
60301,3
30005,4
90065,4
80013,3
28801,3
79765,3
85327,7
95409,9
01930,5
84103,2
19087,15
98119,21
45208,2
62o35,1
59868,1
80620,1
81224,4
07747,1
95129,6
02140,1
83014,4
94105,3
91403,1
18705,1
33408,10
10023,12
02535,2
91740,5
79705,11
94563,6
98407,7
60614,2
61704,3
08759,1
29483,30
81621,2
33180,21
98105,10
60641,22
98118,1
0.01845,1
97402,6
19147,5
03801,4
80132,7
27104,4
35259,2
80237,15
47403,1
92138,2
02053,1
84124,2
80215,4
33139,2
94127,7
10504,1
05055,3
81657,30
96790,1
04856,1
94027,10
98626,2
81252,6
94925,4
20852,9
34108,2
94118,28
27960,1
78731,18
73703,1
94024,48
59624,2
33458,2
90027,21
35205,4
95125,7
80128,4
80209,5
21045,5
02459,2
94114,8
22307,6
48118,1
76028,1
90045,1
10522,9
60010,31
31522,9
80538,6
93960,2
55423,1
46403,2
76116,4
50014,2
18944,1
94501,14
07078,1
98406,1
48105,2
78759,26
07871,10
33067,2
07302,2
94022,46
80206,21
33134,13
22101,24
11201,2
95602,2
04843,13
28704,1
84098,6
80016,12
80550,6
21623,7
60022,7
63021,6
28270,1
80232,2
58102,1
07043,4
23072,1
30309,2
80246,19
45244,1
87505,14
02886,4
10916,4
29611,3
80403,4
13068,2
19103,2
10543,1
02421,10
80104,1
92084,3
46613,3
20132,1
03063,3
10518,2
28117,1
03833,1
02116,4
60661,2
80120,4
05254,9
90020,2
75205,2
11211,3
94122,2
85251,8
60538,5
80010,10
94129,18
95946,1
19102,4
10708,4
89519,2
91074,1
27518,2
10004,13
33316,5
06092,21
01886,2
27516,3
80107,3
01095,4
10562,6
95070,11
10018,4
37215,3
97131,1
02482,8
20816,6
97212,9
95864,8
94566,2
80111,37
07481,3
81631,1
10024,13
60586,1
80402,1
10017,3
92067,15
90028,3
78204,5
97405,4
55125,2
10591,11
97221,1
28032,23
60089,1
33486,2
32751,6
95648,2
02871,15
60610,37
19010,3
02461,3
02130,5
78229,16
10026,21
98046,9
00803,1
19002,4
80203,28
80012,3
80123,1
06897,12
63143,3
37919,10
61727,6
55427,1
97759,3
62946,2
10514,1
78413,3
78739,4
60174,39
80127,12
83611,2
11374,6
55404,7
98370,2
75240,8
60515,2
94556,2
98136,6
94960,7
20016,27
11238,4
90046,2
54448,2
10128,3
95161,3
01966,2
71232,3
33414,6
37204,2
08859,1
33446,2
80220,16
98004,8
94306,2
94109,19
01945,3
11105,1
11231,1
30135,2
93309,10
02186,2
24901,1
75219,12
32712,1
83702,1
92662,8
37027,2
08401,10
33069,2
10022,16
30342,3
80231,11
10028,19
02138,9
75225,21
30306,1
60030,16
80113,9
80421,1
96816,6
73120,3
